{
    "p0": 95.0,
    "p10": 573.0,
    "p20": 660.0,
    "p30": 712.0,
    "p40": 741.0,
    "p50": 779.0,
    "p60": 821.0,
    "p70": 866.5999999999999,
    "p80": 921.8000000000002,
    "p90": 1010.2,
    "p95": 1076.1999999999998,
    "p98": 1159.88,
    "p99": 1236.1999999999996,
    "p100": 1496.0
}