{
    "p0": 14.0,
    "p10": 59.0,
    "p20": 65.0,
    "p30": 69.0,
    "p40": 74.0,
    "p50": 79.0,
    "p60": 85.0,
    "p70": 92.0,
    "p80": 101.0,
    "p90": 115.20000000000005,
    "p95": 126.59999999999991,
    "p98": 141.84000000000003,
    "p99": 150.91999999999996,
    "p100": 196.0
}