{
    "p0": 105.0,
    "p10": 740.6,
    "p20": 838.2,
    "p30": 912.0,
    "p40": 971.0,
    "p50": 1037.0,
    "p60": 1108.0,
    "p70": 1187.6,
    "p80": 1280.0,
    "p90": 1436.8000000000002,
    "p95": 1575.7999999999997,
    "p98": 1756.7200000000003,
    "p99": 1966.919999999997,
    "p100": 3053.0
}